Site ID	Location Name	County	Issue Codes	Priority
CO-BOULDER-ALICE-MINE	Alice Mine	Boulder	MISSING_CONTENT_UPDATED_AT,PLACEHOLDER_CONTRACT_INCOMPLETE	HIGH
CO-BOULDER-ALICE-OPEN-PIT	Alice Open Pit	Boulder	MISSING_CONTENT_UPDATED_AT,PLACEHOLDER_CONTRACT_INCOMPLETE	HIGH
CO-BOULDER-ALLIED-JAMESTOWN	Allied Jamestown	Boulder	MISSING_CONTENT_UPDATED_AT,PLACEHOLDER_CONTRACT_INCOMPLETE	HIGH
CO-BOULDER-ALPINE-HORN	Alpine Horn	Boulder	MISSING_CONTENT_UPDATED_AT,PLACEHOLDER_CONTRACT_INCOMPLETE	HIGH
CO-BOULDER-ALTON-TUNNEL	Alton Tunnel	Boulder	MISSING_CONTENT_UPDATED_AT,PLACEHOLDER_CONTRACT_INCOMPLETE	HIGH
CO-BOULDER-ANNA-C-MINE	Anna C Mine	Boulder	MISSING_CONTENT_UPDATED_AT,PLACEHOLDER_CONTRACT_INCOMPLETE	HIGH
CO-BOULDER-ATCHISON-MINE	Atchison Mine	Boulder	MISSING_CONTENT_UPDATED_AT,PLACEHOLDER_CONTRACT_INCOMPLETE	HIGH
CO-BOULDER-BIG-CAMERON-MINE	Big Cameron Mine	Boulder	MISSING_CONTENT_UPDATED_AT,PLACEHOLDER_CONTRACT_INCOMPLETE	HIGH
CO-BOULDER-BIG-HORN-SHAFT	Big Horn Shaft	Boulder	MISSING_CONTENT_UPDATED_AT,PLACEHOLDER_CONTRACT_INCOMPLETE	HIGH
CO-BOULDER-BLACK-PRINCE-MINE	Black Prince Mine	Boulder	MISSING_CONTENT_UPDATED_AT,PLACEHOLDER_CONTRACT_INCOMPLETE	HIGH
CO-BOULDER-BONANZA-NO-2	Bonanza No. 2 Mine	Boulder	MISSING_CONTENT_UPDATED_AT,PLACEHOLDER_CONTRACT_INCOMPLETE	HIGH
CO-BOULDER-CASH-MILL	Cash Mill	Boulder	MISSING_CONTENT_UPDATED_AT,PLACEHOLDER_CONTRACT_INCOMPLETE	HIGH
CO-BOULDER-CENTENNIAL-TUNNEL	Centennial Tunnel	Boulder	MISSING_CONTENT_UPDATED_AT,PLACEHOLDER_CONTRACT_INCOMPLETE	HIGH
CO-BOULDER-DOROTHY-KATIE-MINES	Dorothy-Katie Mines	Boulder	MISSING_CONTENT_UPDATED_AT,PLACEHOLDER_CONTRACT_INCOMPLETE	HIGH
CO-BOULDER-DOZER-MINE	Dozer Mine	Boulder	MISSING_CONTENT_UPDATED_AT,PLACEHOLDER_CONTRACT_INCOMPLETE	HIGH
CO-BOULDER-EUREKA-MINE	Eureka Mine	Boulder	MISSING_CONTENT_UPDATED_AT,PLACEHOLDER_CONTRACT_INCOMPLETE	HIGH
CO-BOULDER-GOOD-FRIDAY-MINE	Good Friday Mine	Boulder	MISSING_CONTENT_UPDATED_AT,PLACEHOLDER_CONTRACT_INCOMPLETE	HIGH
CO-BOULDER-HALLIE-A-MINE	Hallie A Mine	Boulder	MISSING_CONTENT_UPDATED_AT,PLACEHOLDER_CONTRACT_INCOMPLETE	HIGH
CO-BOULDER-HOOSIER-MINE	Hoosier Mine	Boulder	MISSING_CONTENT_UPDATED_AT,PLACEHOLDER_CONTRACT_INCOMPLETE	HIGH
CO-BOULDER-PAYMASTER-MINE	Paymaster Mine	Boulder	MISSING_CONTENT_UPDATED_AT,PLACEHOLDER_CONTRACT_INCOMPLETE	HIGH
CO-BOULDER-PINESHAD-MINE	Pineshad Mine	Boulder	MISSING_CONTENT_UPDATED_AT,PLACEHOLDER_CONTRACT_INCOMPLETE	HIGH
CO-BOULDER-RAMBLER-MINE	Rambler Mine	Boulder	MISSING_CONTENT_UPDATED_AT,PLACEHOLDER_CONTRACT_INCOMPLETE	HIGH
CO-BOULDER-RANGE-VIEW-LODE	Range View Lode Mining Claim	Boulder	MISSING_CONTENT_UPDATED_AT,PLACEHOLDER_CONTRACT_INCOMPLETE	HIGH
CO-BOULDER-ROOSE-TUNNEL	Roose Tunnel	Boulder	MISSING_CONTENT_UPDATED_AT,PLACEHOLDER_CONTRACT_INCOMPLETE	HIGH
CO-BOULDER-STEEL-PLATE-MINE	Steel Plate Mine	Boulder	MISSING_CONTENT_UPDATED_AT,PLACEHOLDER_CONTRACT_INCOMPLETE	HIGH
CO-BOULDER-VASCO-NO-1-MINE	Vasco No. 1 Mine	Boulder	MISSING_CONTENT_UPDATED_AT,PLACEHOLDER_CONTRACT_INCOMPLETE	HIGH
CO-BOULDER-VASCO-NO-7-MINE	Vasco No. 7 Mine	Boulder	MISSING_CONTENT_UPDATED_AT,PLACEHOLDER_CONTRACT_INCOMPLETE	HIGH
CO-BOULDER-WILD-TIGER-MINE	Wild Tiger Mine	Boulder	MISSING_CONTENT_UPDATED_AT,PLACEHOLDER_CONTRACT_INCOMPLETE	HIGH
CO-BOULDER-WORLD-MINE	World Mine	Boulder	MISSING_CONTENT_UPDATED_AT,PLACEHOLDER_CONTRACT_INCOMPLETE	HIGH
CO-BROOMFIELD-BROOMFIELD-DI-CS-DEPOT	Broomfield Denver & Interurban / Colorado & Southern Railway Depot	Broomfield	MISSING_CONTENT_UPDATED_AT,PLACEHOLDER_CONTRACT_INCOMPLETE	HIGH
CO-CHAFFEE-ALASKA-MINE	Alaska Mine	Chaffee	MISSING_CONTENT_UPDATED_AT,PLACEHOLDER_CONTRACT_INCOMPLETE	HIGH
CO-CHAFFEE-ALDERMAN-DEPOSIT	Alderman Deposit	Chaffee	MISSING_CONTENT_UPDATED_AT,PLACEHOLDER_CONTRACT_INCOMPLETE	HIGH
CO-CHAFFEE-ALLARD-BERYLLIUM	Allard Beryllium Mine	Chaffee	MISSING_CONTENT_UPDATED_AT,PLACEHOLDER_CONTRACT_INCOMPLETE	HIGH
CO-CHAFFEE-ALPHA-BETA	Alpha and Beta Mine	Chaffee	MISSING_CONTENT_UPDATED_AT,PLACEHOLDER_CONTRACT_INCOMPLETE	HIGH
CO-CHAFFEE-AMERICAN-FLAG-MINE	American Flag Mine	Chaffee	MISSING_CONTENT_UPDATED_AT,PLACEHOLDER_CONTRACT_INCOMPLETE	HIGH
CO-CHAFFEE-ANNA-HUFFMAN-COPPER	Anna Huffman Copper	Chaffee	MISSING_CONTENT_UPDATED_AT,PLACEHOLDER_CONTRACT_INCOMPLETE	HIGH
CO-CHAFFEE-ANNIE-C-MINE	Annie C Mine	Chaffee	MISSING_CONTENT_UPDATED_AT,PLACEHOLDER_CONTRACT_INCOMPLETE	HIGH
CO-CHAFFEE-APRIL-FOOL-MINE	April Fool Mine (Chaffee County)	Chaffee	MISSING_CONTENT_UPDATED_AT,PLACEHOLDER_CONTRACT_INCOMPLETE	HIGH
CO-CHAFFEE-ATLANTIC-MOUND-INDEPENDENCE	Atlantic / Mound / Independence	Chaffee	MISSING_CONTENT_UPDATED_AT,PLACEHOLDER_CONTRACT_INCOMPLETE	HIGH
CO-CHAFFEE-BANCROFT	Bancroft	Chaffee	MISSING_CONTENT_UPDATED_AT,PLACEHOLDER_CONTRACT_INCOMPLETE	HIGH
CO-CHAFFEE-BE-TRUE-MINE	Be True Mine	Chaffee	MISSING_CONTENT_UPDATED_AT,PLACEHOLDER_CONTRACT_INCOMPLETE	HIGH
CO-CHAFFEE-BEN-BOLTS-PAYMASTER	Ben Bolts Paymaster	Chaffee	MISSING_CONTENT_UPDATED_AT,PLACEHOLDER_CONTRACT_INCOMPLETE	HIGH
CO-CHAFFEE-BEN-BOYER-CLAIM	Ben Boyer Claim	Chaffee	MISSING_CONTENT_UPDATED_AT,PLACEHOLDER_CONTRACT_INCOMPLETE	HIGH
CO-CHAFFEE-BEN-HILL-MINE	Ben Hill Mine	Chaffee	MISSING_CONTENT_UPDATED_AT,PLACEHOLDER_CONTRACT_INCOMPLETE	HIGH
CO-CHAFFEE-BETSY	Betsy	Chaffee	MISSING_CONTENT_UPDATED_AT,PLACEHOLDER_CONTRACT_INCOMPLETE	HIGH
CO-CHAFFEE-BLACK-TIGER-MINE	Black Tiger Mine	Chaffee	MISSING_CONTENT_UPDATED_AT,PLACEHOLDER_CONTRACT_INCOMPLETE	HIGH
CO-CHAFFEE-BLUE-BRUTE-MINE	Blue Brute Mine	Chaffee	MISSING_CONTENT_UPDATED_AT,PLACEHOLDER_CONTRACT_INCOMPLETE	HIGH
CO-CHAFFEE-BLUE-STONE-DEPOSIT	Blue Stone Deposit	Chaffee	MISSING_CONTENT_UPDATED_AT,PLACEHOLDER_CONTRACT_INCOMPLETE	HIGH
CO-CHAFFEE-BONNIE-BELLE-MINE	Bonnie Belle Mine	Chaffee	MISSING_CONTENT_UPDATED_AT,PLACEHOLDER_CONTRACT_INCOMPLETE	HIGH
CO-CHAFFEE-BOSS-LAKE-MINE	Boss Lake Mine	Chaffee	MISSING_CONTENT_UPDATED_AT,PLACEHOLDER_CONTRACT_INCOMPLETE	HIGH
CO-CHAFFEE-BRIGHTON-MINE	Brighton Mine (Chaffee County)	Chaffee	MISSING_CONTENT_UPDATED_AT,PLACEHOLDER_CONTRACT_INCOMPLETE	HIGH
CO-CHAFFEE-BUCKHORN-TUNNEL	Buckhorn Tunnel	Chaffee	MISSING_CONTENT_UPDATED_AT,PLACEHOLDER_CONTRACT_INCOMPLETE	HIGH
CO-CHAFFEE-CALUMET-MINE	Calumet Mine	Chaffee	MISSING_CONTENT_UPDATED_AT,PLACEHOLDER_CONTRACT_INCOMPLETE	HIGH
CO-CHAFFEE-CHIMNEY-HILL-MINE	Chimney Hill Mine	Chaffee	MISSING_CONTENT_UPDATED_AT,PLACEHOLDER_CONTRACT_INCOMPLETE	HIGH
CO-CHAFFEE-CLEORA-NO-2-PROSPECT	Cleora No. 2 Prospect	Chaffee	MISSING_CONTENT_UPDATED_AT,PLACEHOLDER_CONTRACT_INCOMPLETE	HIGH
CO-CHAFFEE-CLINTON-MINE	Clinton Mine (Chaffee County)	Chaffee	MISSING_CONTENT_UPDATED_AT,PLACEHOLDER_CONTRACT_INCOMPLETE	HIGH
CO-CHAFFEE-COLORADO-AMERICAN	Colorado-American Mine	Chaffee	MISSING_CONTENT_UPDATED_AT,PLACEHOLDER_CONTRACT_INCOMPLETE	HIGH
CO-CHAFFEE-COLUMBINE-MINE	Columbine Mine (Chaffee County)	Chaffee	MISSING_CONTENT_UPDATED_AT,PLACEHOLDER_CONTRACT_INCOMPLETE	HIGH
CO-CHAFFEE-COLUMBUS-MINE	Columbus Mine	Chaffee	MISSING_CONTENT_UPDATED_AT,PLACEHOLDER_CONTRACT_INCOMPLETE	HIGH
CO-CHAFFEE-COPPER-KING-LODE	Copper King Lode	Chaffee	MISSING_CONTENT_UPDATED_AT,PLACEHOLDER_CONTRACT_INCOMPLETE	HIGH
CO-CHAFFEE-CRYSTAL-NO-8-MINE	Crystal No. 8 Mine	Chaffee	MISSING_CONTENT_UPDATED_AT,PLACEHOLDER_CONTRACT_INCOMPLETE	HIGH
CO-CHAFFEE-DARLING-MINE	Darling Mine	Chaffee	MISSING_CONTENT_UPDATED_AT,PLACEHOLDER_CONTRACT_INCOMPLETE	HIGH
CO-CHAFFEE-DELAY-ADIT-LLOYD-SHAFT	Delay Adit and Lloyd Shaft	Chaffee	MISSING_CONTENT_UPDATED_AT,PLACEHOLDER_CONTRACT_INCOMPLETE	HIGH
CO-CHAFFEE-ECLIPSE-MINE	Eclipse Mine	Chaffee	MISSING_CONTENT_UPDATED_AT,PLACEHOLDER_CONTRACT_INCOMPLETE	HIGH
CO-CHAFFEE-ELKINGTON-MINE	Elkington Mine	Chaffee	MISSING_CONTENT_UPDATED_AT,PLACEHOLDER_CONTRACT_INCOMPLETE	HIGH
CO-CHAFFEE-EVENING-STAR-MINE	Evening Star Mine (Chaffee County)	Chaffee	MISSING_CONTENT_UPDATED_AT,PLACEHOLDER_CONTRACT_INCOMPLETE	HIGH
CO-CHAFFEE-FAIRPLAY-MINE	Fairplay Mine	Chaffee	MISSING_CONTENT_UPDATED_AT,PLACEHOLDER_CONTRACT_INCOMPLETE	HIGH
CO-CHAFFEE-FRACTION-MINE	Fraction Mine (Chaffee County)	Chaffee	MISSING_CONTENT_UPDATED_AT,PLACEHOLDER_CONTRACT_INCOMPLETE	HIGH
CO-CHAFFEE-FUTURITY-MINE	Futurity Mine	Chaffee	MISSING_CONTENT_UPDATED_AT,PLACEHOLDER_CONTRACT_INCOMPLETE	HIGH
CO-CHAFFEE-GARFIELD-MINE	Garfield Mine	Chaffee	MISSING_CONTENT_UPDATED_AT,PLACEHOLDER_CONTRACT_INCOMPLETE	HIGH
CO-CHAFFEE-GLADSTONE-MINE	Gladstone Mine	Chaffee	MISSING_CONTENT_UPDATED_AT,PLACEHOLDER_CONTRACT_INCOMPLETE	HIGH
CO-CHAFFEE-GOLD-BUG-TURRET	Gold Bug Mine (Turret District)	Chaffee	MISSING_CONTENT_UPDATED_AT,PLACEHOLDER_CONTRACT_INCOMPLETE	HIGH
CO-CHAFFEE-GOLDEN-AGE-MINE	Golden Age Mine	Chaffee	MISSING_CONTENT_UPDATED_AT,PLACEHOLDER_CONTRACT_INCOMPLETE	HIGH
CO-CHAFFEE-GOLDEN-CACHE-MINE	Golden Cache Mine (Chaffee County)	Chaffee	MISSING_CONTENT_UPDATED_AT,PLACEHOLDER_CONTRACT_INCOMPLETE	HIGH
CO-CHAFFEE-GOLDEN-WONDER-MINE	Golden Wonder Mine	Chaffee	MISSING_CONTENT_UPDATED_AT,PLACEHOLDER_CONTRACT_INCOMPLETE	HIGH
CO-CHAFFEE-GRAND-VIEW	Grand View Mine	Chaffee	MISSING_CONTENT_UPDATED_AT,PLACEHOLDER_CONTRACT_INCOMPLETE	HIGH
CO-CHAFFEE-GREAT-MONARCH-MARSHALL-TUNNEL	Great Monarch and Marshall Tunnel	Chaffee	MISSING_CONTENT_UPDATED_AT,PLACEHOLDER_CONTRACT_INCOMPLETE	HIGH
CO-CHAFFEE-HERSKBERGER-TUNNEL	Herskberger Tunnel	Chaffee	MISSING_CONTENT_UPDATED_AT,PLACEHOLDER_CONTRACT_INCOMPLETE	HIGH
CO-CHAFFEE-HOLY-WATER-MINE	Holy Water Mine	Chaffee	MISSING_CONTENT_UPDATED_AT,PLACEHOLDER_CONTRACT_INCOMPLETE	HIGH
CO-CHAFFEE-INDIANAPOLIS-MINE	Indianapolis Mine	Chaffee	MISSING_CONTENT_UPDATED_AT,PLACEHOLDER_CONTRACT_INCOMPLETE	HIGH
CO-CHAFFEE-IRON-CHEST-GOLD-MINE	Iron Chest Mine (Gold Property, Chaffee County)	Chaffee	MISSING_CONTENT_UPDATED_AT,PLACEHOLDER_CONTRACT_INCOMPLETE	HIGH
CO-CHAFFEE-IRON-DUKE-MINE	Iron Duke Mine (Chaffee County)	Chaffee	MISSING_CONTENT_UPDATED_AT,PLACEHOLDER_CONTRACT_INCOMPLETE	HIGH
CO-CHAFFEE-JEWELL-TUNNEL	Jewell Tunnel	Chaffee	MISSING_CONTENT_UPDATED_AT,PLACEHOLDER_CONTRACT_INCOMPLETE	HIGH
CO-CHAFFEE-LIENHART-MINE	Lienhart Mine	Chaffee	MISSING_CONTENT_UPDATED_AT,PLACEHOLDER_CONTRACT_INCOMPLETE	HIGH
CO-CHAFFEE-LITTLE-WONDER-MINE	Little Wonder Mine	Chaffee	MISSING_CONTENT_UPDATED_AT,PLACEHOLDER_CONTRACT_INCOMPLETE	HIGH
CO-CHAFFEE-MADONNA-MINE	Madonna Mine	Chaffee	MISSING_CONTENT_UPDATED_AT,PLACEHOLDER_CONTRACT_INCOMPLETE	HIGH
CO-CHAFFEE-MOSS-FLOWER-HALF-MOON	Moss Flower (Half Moon Mine)	Chaffee	MISSING_CONTENT_UPDATED_AT,PLACEHOLDER_CONTRACT_INCOMPLETE	HIGH
CO-CHAFFEE-NEW-YORK-MINE	New York Mine	Chaffee	MISSING_CONTENT_UPDATED_AT,PLACEHOLDER_CONTRACT_INCOMPLETE	HIGH
CO-CHAFFEE-OHIO-MORNINGSTAR	Ohio and Morningstar Mine	Chaffee	MISSING_CONTENT_UPDATED_AT,PLACEHOLDER_CONTRACT_INCOMPLETE	HIGH
CO-CHAFFEE-PAYMASTER-MINE	Paymaster Mine (Chaffee County)	Chaffee	MISSING_CONTENT_UPDATED_AT,PLACEHOLDER_CONTRACT_INCOMPLETE	HIGH
CO-CHAFFEE-PRIDE-OF-THE-WEST	Pride of the West Mine (Chaffee County)	Chaffee	MISSING_CONTENT_UPDATED_AT,PLACEHOLDER_CONTRACT_INCOMPLETE	HIGH
CO-CHAFFEE-SEDALIA-MINE	Sedalia Mine	Chaffee	MISSING_CONTENT_UPDATED_AT,PLACEHOLDER_CONTRACT_INCOMPLETE	HIGH
CO-CHAFFEE-SHAMROCK-MINE	Shamrock Mine (Chaffee County)	Chaffee	MISSING_CONTENT_UPDATED_AT,PLACEHOLDER_CONTRACT_INCOMPLETE	HIGH
CO-CHAFFEE-SILENT-FRIEND	Silent Friend Mine (Chaffee County)	Chaffee	MISSING_CONTENT_UPDATED_AT,PLACEHOLDER_CONTRACT_INCOMPLETE	HIGH
CO-CHAFFEE-SILVER-KING-MINE	Silver King Mine (Chaffee County)	Chaffee	MISSING_CONTENT_UPDATED_AT,PLACEHOLDER_CONTRACT_INCOMPLETE	HIGH
CO-CHAFFEE-SNOWFLAKE-DEPOSIT	Snowflake Deposit	Chaffee	MISSING_CONTENT_UPDATED_AT,PLACEHOLDER_CONTRACT_INCOMPLETE	HIGH
CO-CHAFFEE-STOCKTON-MINE	Stockton Mine	Chaffee	MISSING_CONTENT_UPDATED_AT,PLACEHOLDER_CONTRACT_INCOMPLETE	HIGH
CO-CHAFFEE-THIRTY-SIX-THIRTY-MINE	Thirty-Six-Thirty Mine	Chaffee	MISSING_CONTENT_UPDATED_AT,PLACEHOLDER_CONTRACT_INCOMPLETE	HIGH
CO-CHAFFEE-TILDEN-MINE	Tilden Mine	Chaffee	MISSING_CONTENT_UPDATED_AT,PLACEHOLDER_CONTRACT_INCOMPLETE	HIGH
CO-CHAFFEE-TOMMY-EVANS-LODE	Tommy Evans Lode (Survey No. 14303)	Chaffee	MISSING_CONTENT_UPDATED_AT,PLACEHOLDER_CONTRACT_INCOMPLETE	HIGH
CO-CHAFFEE-WHITE-KING-DEPOSIT	White King Deposit	Chaffee	MISSING_CONTENT_UPDATED_AT,PLACEHOLDER_CONTRACT_INCOMPLETE	HIGH
CO-CHEYENNE-KIT-CARSON-UP-DEPOT	Kit Carson Union Pacific Railroad Depot (Museum)	Cheyenne	MISSING_CONTENT_UPDATED_AT,PLACEHOLDER_CONTRACT_INCOMPLETE	HIGH
CO-CLEAR-CREEK-ALMADEN-MINE	Almaden Mine	Clear Creek	MISSING_CONTENT_UPDATED_AT,PLACEHOLDER_CONTRACT_INCOMPLETE	HIGH
CO-CLEAR-CREEK-AP-TUNNEL	AP Tunnel	Clear Creek	MISSING_CONTENT_UPDATED_AT,PLACEHOLDER_CONTRACT_INCOMPLETE	HIGH
CO-CLEAR-CREEK-APEX-SHAFT	Apex Shaft	Clear Creek	MISSING_CONTENT_UPDATED_AT,PLACEHOLDER_CONTRACT_INCOMPLETE	HIGH
CO-CLEAR-CREEK-BRIGHTON-MINE	Brighton Mine	Clear Creek	MISSING_CONTENT_UPDATED_AT,PLACEHOLDER_CONTRACT_INCOMPLETE	HIGH
CO-CLEAR-CREEK-BROWNSVILLE-PROCESSING-PLANT	Brownsville Processing Plant	Clear Creek	MISSING_CONTENT_UPDATED_AT,PLACEHOLDER_CONTRACT_INCOMPLETE	HIGH
CO-CLEAR-CREEK-BULLION-KING-MINE	Bullion King Mine	Clear Creek	MISSING_CONTENT_UPDATED_AT,PLACEHOLDER_CONTRACT_INCOMPLETE	HIGH
CO-CONEJOS-COSTILLA-CROSSING-BRIDGE	Costilla Crossing Railroad Bridge	Conejos	MISSING_CONTENT_UPDATED_AT,PLACEHOLDER_CONTRACT_INCOMPLETE	HIGH
CO-CONEJOS-ANTONITO-DRG-DEPOT	Denver & Rio Grande Railroad Antonito Depot	Conejos	MISSING_CONTENT_UPDATED_AT,PLACEHOLDER_CONTRACT_INCOMPLETE	HIGH
CO-COSTILLA-FORT-GARLAND-MILITARY-POST	Fort Garland Military Post & Museum Complex	Costilla	MISSING_CONTENT_UPDATED_AT,PLACEHOLDER_CONTRACT_INCOMPLETE	HIGH
CO-COSTILLA-SLV-SOUTHERN-RATTLESNAKE-TRESTLE	San Luis Valley Southern Rattlesnake Trestle	Costilla	MISSING_CONTENT_UPDATED_AT,PLACEHOLDER_CONTRACT_INCOMPLETE	HIGH
CO-CUSTER-WESTCLIFFE-DRG-ENGINE-HOUSE	Westcliffe D&RG Engine House & Turntable Remains	Custer	MISSING_CONTENT_UPDATED_AT,PLACEHOLDER_CONTRACT_INCOMPLETE	HIGH
CO-DENVER-MIDWEST-STEEL-IRON-WORKS	Midwest Steel & Iron Works Company Complex	Denver	MISSING_CONTENT_UPDATED_AT,PLACEHOLDER_CONTRACT_INCOMPLETE	HIGH
CO-DOLORES-ATLANTIC-CABLE-MINE	Atlantic Cable Mine & Headframe Complex	Dolores	MISSING_CONTENT_UPDATED_AT,MISSING_OR_BAD_COORDINATES,PLACEHOLDER_CONTRACT_INCOMPLETE	HIGH
CO-DOLORES-DUNTON-MINING-CAMP	Dunton Mining Camp & Townsite	Dolores	MISSING_CONTENT_UPDATED_AT,MISSING_OR_BAD_COORDINATES,PLACEHOLDER_CONTRACT_INCOMPLETE	HIGH
CO-DOLORES-ENTERPRISE-NEWMAN-HILL	Enterprise Mine & Newman Hill Silver Complex	Dolores	MISSING_CONTENT_UPDATED_AT,MISSING_OR_BAD_COORDINATES,PLACEHOLDER_CONTRACT_INCOMPLETE	HIGH
CO-DOLORES-RICO-MINING-DISTRICT	Rico / Pioneer Mining District & Historic Townsite	Dolores	MISSING_CONTENT_UPDATED_AT,MISSING_OR_BAD_COORDINATES,PLACEHOLDER_CONTRACT_INCOMPLETE	HIGH
CO-DOLORES-RICO-RGS-YARD	Rico Rio Grande Southern Railroad Yard & Enginehouse Complex	Dolores	MISSING_CONTENT_UPDATED_AT,MISSING_OR_BAD_COORDINATES,PLACEHOLDER_CONTRACT_INCOMPLETE	HIGH
CO-DOLORES-RICO-ARGENTINE-ST-LOUIS	Rico-Argentine Mine & St. Louis Tunnel Complex	Dolores	MISSING_CONTENT_UPDATED_AT,MISSING_OR_BAD_COORDINATES,PLACEHOLDER_CONTRACT_INCOMPLETE	HIGH
CO-DOUGLAS-SEDALIA-WATER-TANK	Santa Fe Railway / Sedalia Water Tank	Douglas	MISSING_CONTENT_UPDATED_AT,PLACEHOLDER_CONTRACT_INCOMPLETE	HIGH
CO-EAGLE-BELDEN	Belden Mining & Railroad Complex	Eagle	MISSING_CONTENT_UPDATED_AT,PLACEHOLDER_CONTRACT_INCOMPLETE	HIGH
CO-EAGLE-CAMP-HALE	Camp Hale	Eagle	MEDIA_PACKAGED_STATUS_MISSING,MEDIA_RIGHTS_MISSING,MEDIA_SOURCE_PAGE_MISSING,MEDIA_STATUS_INCOMPLETE,MISSING_CONTENT_UPDATED_AT	HIGH
CO-EAGLE-FULFORD-CAMP	Fulford / Nolan's Creek Mining Camp	Eagle	MISSING_CONTENT_UPDATED_AT,PLACEHOLDER_CONTRACT_INCOMPLETE	HIGH
CO-EAGLE-GILMAN-EAGLE-MINE	Gilman / Eagle Mine & Company Town Complex	Eagle	MISSING_CONTENT_UPDATED_AT,PLACEHOLDER_CONTRACT_INCOMPLETE	HIGH
CO-EAGLE-GOLD-PARK	Gold Park Mining Camp & Mill Complex	Eagle	MISSING_CONTENT_UPDATED_AT,PLACEHOLDER_CONTRACT_INCOMPLETE	HIGH
CO-EAGLE-HOLY-CROSS-CITY	Holy Cross City Mining Camp & Mill Complex	Eagle	MISSING_CONTENT_UPDATED_AT,PLACEHOLDER_CONTRACT_INCOMPLETE	HIGH
CO-EAGLE-MINTURN-RAILROAD	Minturn D&RGW Railroad Division Point & Yard Complex	Eagle	MISSING_CONTENT_UPDATED_AT,PLACEHOLDER_CONTRACT_INCOMPLETE	HIGH
CO-EAGLE-RED-CLIFF-BRIDGE	Red Cliff Bridge	Eagle	MISSING_CONTENT_UPDATED_AT,PLACEHOLDER_CONTRACT_INCOMPLETE	HIGH
CO-EAGLE-RED-CLIFF	Red Cliff Mining Town & Railroad Complex	Eagle	MISSING_CONTENT_UPDATED_AT,PLACEHOLDER_CONTRACT_INCOMPLETE	HIGH
CO-EAGLE-TENNESSEE-PASS-RAILROAD	Tennessee Pass D&RG/D&RGW Railroad Tunnel & Summit Complex	Eagle	MISSING_CONTENT_UPDATED_AT,PLACEHOLDER_CONTRACT_INCOMPLETE	HIGH
CO-EL-PASO-CALHAN-ROCK-ISLAND-DEPOT	Calhan Rock Island Railroad Depot	El Paso	MISSING_CONTENT_UPDATED_AT,PLACEHOLDER_CONTRACT_INCOMPLETE	HIGH
CO-EL-PASO-MIDLAND-ROUNDHOUSE	Midland Terminal Railroad Roundhouse	El Paso	MISSING_CONTENT_UPDATED_AT,PLACEHOLDER_CONTRACT_INCOMPLETE	HIGH
CO-GARFIELD-CARDIFF-COKE-OVENS	Cardiff Coke Ovens	Garfield	MISSING_CONTENT_UPDATED_AT,PLACEHOLDER_CONTRACT_INCOMPLETE	HIGH
CO-GARFIELD-GLENWOOD-HYDRO-PLANT	Glenwood Springs Hydroelectric Plant	Garfield	MISSING_CONTENT_UPDATED_AT,PLACEHOLDER_CONTRACT_INCOMPLETE	HIGH
CO-GILPIN-APEX-PINE-DISTRICT	Apex Mining Camp & Pine–Kingston–Apex District	Gilpin	MISSING_CONTENT_UPDATED_AT,MISSING_OR_BAD_COORDINATES,PLACEHOLDER_CONTRACT_INCOMPLETE	HIGH
CO-GILPIN-BATES-HUNTER-GOLDEN-GILPIN	Bates–Hunter Mine & Golden Gilpin Mill Complex	Gilpin	MISSING_CONTENT_UPDATED_AT,MISSING_OR_BAD_COORDINATES,PLACEHOLDER_CONTRACT_INCOMPLETE	HIGH
CO-GILPIN-CENTRAL-BLACK-HAWK	Central City–Black Hawk Mining District	Gilpin	MISSING_CONTENT_UPDATED_AT,MISSING_OR_BAD_COORDINATES,PLACEHOLDER_CONTRACT_INCOMPLETE	HIGH
CO-GILPIN-COLORADO-CENTRAL-BRANCH	Colorado Central / C&S Black Hawk–Central City Railroad Complex	Gilpin	MISSING_CONTENT_UPDATED_AT,MISSING_OR_BAD_COORDINATES,PLACEHOLDER_CONTRACT_INCOMPLETE	HIGH
CO-GILPIN-GILPIN-TRAMWAY	Gilpin Tramway / Gilpin Railroad Mining Railroad Network	Gilpin	MISSING_CONTENT_UPDATED_AT,MISSING_OR_BAD_COORDINATES,PLACEHOLDER_CONTRACT_INCOMPLETE	HIGH
CO-GILPIN-GREGORY-BOBTAIL-GUNNELL	Gregory–Bobtail–Gunnell Gold Discovery & Mine Landscape	Gilpin	MISSING_CONTENT_UPDATED_AT,MISSING_OR_BAD_COORDINATES,PLACEHOLDER_CONTRACT_INCOMPLETE	HIGH
CO-GILPIN-HIDEE	Hidee Gold Mine	Gilpin	MISSING_CONTENT_UPDATED_AT,MISSING_OR_BAD_COORDINATES,PLACEHOLDER_CONTRACT_INCOMPLETE	HIGH
CO-GILPIN-NEVADAVILLE	Nevadaville Mining Camp & Ghost Townsite	Gilpin	MISSING_CONTENT_UPDATED_AT,MISSING_OR_BAD_COORDINATES,PLACEHOLDER_CONTRACT_INCOMPLETE	HIGH
CO-GILPIN-PERIGO-GOLD-DIRT	Perigo / Gold Dirt–Gamble Gulch Mining District & Ghost Camps	Gilpin	MISSING_CONTENT_UPDATED_AT,MISSING_OR_BAD_COORDINATES,PLACEHOLDER_CONTRACT_INCOMPLETE	HIGH
CO-GILPIN-QUARTZ-HILL-LANDSCAPE	Quartz Hill Mining & Gilpin Tramway Landscape	Gilpin	MISSING_CONTENT_UPDATED_AT,MISSING_OR_BAD_COORDINATES,PLACEHOLDER_CONTRACT_INCOMPLETE	HIGH
CO-GILPIN-RUSSELL-GULCH	Russell Gulch Mining Camp & District	Gilpin	MISSING_CONTENT_UPDATED_AT,MISSING_OR_BAD_COORDINATES,PLACEHOLDER_CONTRACT_INCOMPLETE	HIGH
CO-GRAND-ARIZOBA-MINE	Arizoba Mine	Grand	MISSING_CONTENT_UPDATED_AT,PLACEHOLDER_CONTRACT_INCOMPLETE	HIGH
CO-GRAND-BIG-DIKE-LODE	Big Dike Lode	Grand	MISSING_CONTENT_UPDATED_AT,PLACEHOLDER_CONTRACT_INCOMPLETE	HIGH
CO-GRAND-BLUE-RIDGE-MINE	Blue Ridge Mine	Grand	MISSING_CONTENT_UPDATED_AT,PLACEHOLDER_CONTRACT_INCOMPLETE	HIGH
CO-GRAND-COZENS-RANCH	Cozens Ranch House & Stage Stop	Grand	MISSING_CONTENT_UPDATED_AT,PLACEHOLDER_CONTRACT_INCOMPLETE	HIGH
CO-GRAND-MOFFAT-TUNNEL-WEST-PORTAL	Moffat Tunnel West Portal / West Portal Construction Camp	Grand	MISSING_CONTENT_UPDATED_AT,PLACEHOLDER_CONTRACT_INCOMPLETE	HIGH
CO-GUNNISON-8TH-STREET-SCHOOL	8th Street School / West Gunnison Schoolhouse	Gunnison	MISSING_CONTENT_UPDATED_AT,PLACEHOLDER_CONTRACT_INCOMPLETE	HIGH
CO-GUNNISON-AUGUSTA-MINE	Augusta Mine	Gunnison	MISSING_CONTENT_UPDATED_AT,PLACEHOLDER_CONTRACT_INCOMPLETE	HIGH
CO-GUNNISON-BLACK-QUEEN-MINE	Black Queen Mine	Gunnison	MISSING_CONTENT_UPDATED_AT,PLACEHOLDER_CONTRACT_INCOMPLETE	HIGH
CO-GUNNISON-CAMP-BIRD-MINE	Camp Bird Mine (Box Canyon District)	Gunnison	MISSING_CONTENT_UPDATED_AT,PLACEHOLDER_CONTRACT_INCOMPLETE	HIGH
CO-GUNNISON-CARTER-MINE	Carter Mine	Gunnison	MISSING_CONTENT_UPDATED_AT,PLACEHOLDER_CONTRACT_INCOMPLETE	HIGH
CO-GUNNISON-ERIE-MINE	Erie Mine	Gunnison	MISSING_CONTENT_UPDATED_AT,PLACEHOLDER_CONTRACT_INCOMPLETE	HIGH
CO-GUNNISON-FOREST-HILL-MINE	Forest Hill Mine	Gunnison	MISSING_CONTENT_UPDATED_AT,PLACEHOLDER_CONTRACT_INCOMPLETE	HIGH
CO-GUNNISON-IDA-MAY-MINE	Ida May Mine	Gunnison	MISSING_CONTENT_UPDATED_AT,PLACEHOLDER_CONTRACT_INCOMPLETE	HIGH
CO-GUNNISON-INDEPENDENCE-MINE	Independence Mine	Gunnison	MISSING_CONTENT_UPDATED_AT,PLACEHOLDER_CONTRACT_INCOMPLETE	HIGH
CO-GUNNISON-KEYSTONE-MINE	Keystone Mine	Gunnison	MISSING_CONTENT_UPDATED_AT,PLACEHOLDER_CONTRACT_INCOMPLETE	HIGH
CO-GUNNISON-LUCKY-STRIKE-MINE-CHANCE	Lucky Strike Mine (Chance Area)	Gunnison	MISSING_CONTENT_UPDATED_AT,PLACEHOLDER_CONTRACT_INCOMPLETE	HIGH
CO-GUNNISON-PITKIN-SCHOOLHOUSE	Pitkin Schoolhouse	Gunnison	MISSING_CONTENT_UPDATED_AT,PLACEHOLDER_CONTRACT_INCOMPLETE	HIGH
CO-GUNNISON-RAYMOND-MINE	Raymond Mine	Gunnison	MISSING_CONTENT_UPDATED_AT,PLACEHOLDER_CONTRACT_INCOMPLETE	HIGH
CO-GUNNISON-SHEEP-MOUNTAIN-TUNNEL	Sheep Mountain Tunnel	Gunnison	MISSING_CONTENT_UPDATED_AT,PLACEHOLDER_CONTRACT_INCOMPLETE	HIGH
CO-GUNNISON-SMITH-OPERA-HOUSE	Smith Opera House / Grand Apartments	Gunnison	MISSING_CONTENT_UPDATED_AT,PLACEHOLDER_CONTRACT_INCOMPLETE	HIGH
CO-HINSDALE-BONANZA-EMPIRE-CHIEF	Bonanza–Empire Chief Mine & Mill	Hinsdale	MISSING_CONTENT_UPDATED_AT,MISSING_OR_BAD_COORDINATES,PLACEHOLDER_CONTRACT_INCOMPLETE	HIGH
CO-HINSDALE-BURROWS-PARK-MINING-CAMPS	Burrows Park / Tellurium–White Cross–Argentum Mining Camps	Hinsdale	MISSING_CONTENT_UPDATED_AT,MISSING_OR_BAD_COORDINATES,PLACEHOLDER_CONTRACT_INCOMPLETE	HIGH
CO-HINSDALE-CAPITOL-CITY-COMPLEX	Capitol City Mining Town, Smelter & Sawmill Complex	Hinsdale	MISSING_CONTENT_UPDATED_AT,MISSING_OR_BAD_COORDINATES,PLACEHOLDER_CONTRACT_INCOMPLETE	HIGH
CO-HINSDALE-CARSON-OLD-CARSON-CAMPS	Carson & Old Carson Mining Camps	Hinsdale	MISSING_CONTENT_UPDATED_AT,MISSING_OR_BAD_COORDINATES,PLACEHOLDER_CONTRACT_INCOMPLETE	HIGH
CO-HINSDALE-LAKE-CITY-BRANCH-RAILROAD	D&RG / D&RGW Lake City Branch Railroad Corridor	Hinsdale	MISSING_CONTENT_UPDATED_AT,MISSING_OR_BAD_COORDINATES,PLACEHOLDER_CONTRACT_INCOMPLETE	HIGH
CO-HINSDALE-GOLCONDA-MINING-COMPLEX	Golconda Mine, Boarding House & Compressor Complex	Hinsdale	MISSING_CONTENT_UPDATED_AT,MISSING_OR_BAD_COORDINATES,PLACEHOLDER_CONTRACT_INCOMPLETE	HIGH
CO-HINSDALE-GOLDEN-FLEECE-MINE-COMPLEX	Golden Fleece / Hotchkiss Mine Complex	Hinsdale	MISSING_CONTENT_UPDATED_AT,MISSING_OR_BAD_COORDINATES,PLACEHOLDER_CONTRACT_INCOMPLETE	HIGH
CO-HINSDALE-HIDDEN-TREASURE-HARD-TACK-COMPLEX	Hidden Treasure–Hard Tack Mine, Mill & Treasure City Complex	Hinsdale	MISSING_CONTENT_UPDATED_AT,MISSING_OR_BAD_COORDINATES,PLACEHOLDER_CONTRACT_INCOMPLETE	HIGH
CO-HINSDALE-LAKE-CITY-HISTORIC-DISTRICT	Lake City Historic District / Mining Supply Town	Hinsdale	MISSING_CONTENT_UPDATED_AT,MISSING_OR_BAD_COORDINATES,PLACEHOLDER_CONTRACT_INCOMPLETE	HIGH
CO-HINSDALE-SHERMAN-BLACK-WONDER-COMPLEX	Sherman Mining Camp & Black Wonder Mill Complex	Hinsdale	MISSING_CONTENT_UPDATED_AT,MISSING_OR_BAD_COORDINATES,PLACEHOLDER_CONTRACT_INCOMPLETE	HIGH
CO-HINSDALE-UTE-ULAY-HENSON-COMPLEX	Ute-Ulay Mine, Mill & Henson Complex	Hinsdale	MISSING_CONTENT_UPDATED_AT,MISSING_OR_BAD_COORDINATES,PLACEHOLDER_CONTRACT_INCOMPLETE	HIGH
CO-HUERFANO-LA-VETA-PASS-DEPOT	La Veta Pass Narrow Gauge Railroad Depot	Huerfano	MISSING_CONTENT_UPDATED_AT,PLACEHOLDER_CONTRACT_INCOMPLETE	HIGH
CO-JEFFERSON-CAMP-GEORGE-WEST	Camp George West Military Training Complex	Jefferson	MISSING_CONTENT_UPDATED_AT,MISSING_OR_BAD_COORDINATES,PLACEHOLDER_CONTRACT_INCOMPLETE	HIGH
CO-JEFFERSON-DENVER-ORDNANCE	Denver Ordnance Plant / Denver Federal Center WWII Industrial Complex	Jefferson	MISSING_CONTENT_UPDATED_AT,MISSING_OR_BAD_COORDINATES,PLACEHOLDER_CONTRACT_INCOMPLETE	HIGH
CO-JEFFERSON-MARTIN-TITAN-TEST	Glenn L. Martin Titan Missile Test Facilities / Air Force Plant PJKS	Jefferson	MISSING_CONTENT_UPDATED_AT,MISSING_OR_BAD_COORDINATES,PLACEHOLDER_CONTRACT_INCOMPLETE	HIGH
CO-JEFFERSON-LEYDEN-COAL	Leyden Coal Mine, Company Town & Railroad Complex	Jefferson	MISSING_CONTENT_UPDATED_AT,MISSING_OR_BAD_COORDINATES,PLACEHOLDER_CONTRACT_INCOMPLETE	HIGH
CO-JEFFERSON-LARIAT-TRAIL	Lookout Mountain Lariat Trail & Denver Mountain Parks Road Complex	Jefferson	MISSING_CONTENT_UPDATED_AT,MISSING_OR_BAD_COORDINATES,PLACEHOLDER_CONTRACT_INCOMPLETE	HIGH
CO-JEFFERSON-MORRISON-STONE	Morrison Stone, Lime & Town Company Quarry and Industrial Town Landscape	Jefferson	MISSING_CONTENT_UPDATED_AT,MISSING_OR_BAD_COORDINATES,PLACEHOLDER_CONTRACT_INCOMPLETE	HIGH
CO-JEFFERSON-MOUNT-FALCON-WALKER	Mount Falcon Walker Estate & Summer White House Ruins Complex	Jefferson	MISSING_CONTENT_UPDATED_AT,MISSING_OR_BAD_COORDINATES,PLACEHOLDER_CONTRACT_INCOMPLETE	HIGH
CO-JEFFERSON-PLATTE-CANYON-DSPP	Platte Canyon DSP&P / Colorado & Southern Railroad Corridor	Jefferson	MISSING_CONTENT_UPDATED_AT,MISSING_OR_BAD_COORDINATES,PLACEHOLDER_CONTRACT_INCOMPLETE	HIGH
CO-JEFFERSON-RED-ROCKS-CCC	Red Rocks Park & Mount Morrison CCC–WPA Complex	Jefferson	MISSING_CONTENT_UPDATED_AT,MISSING_OR_BAD_COORDINATES,PLACEHOLDER_CONTRACT_INCOMPLETE	HIGH
CO-JEFFERSON-ROCKY-FLATS	Rocky Flats Nuclear Weapons Plant & Cleanup Landscape	Jefferson	MISSING_CONTENT_UPDATED_AT,MISSING_OR_BAD_COORDINATES,PLACEHOLDER_CONTRACT_INCOMPLETE	HIGH
CO-JEFFERSON-SCHWARTZWALDER-RALSTON	Schwartzwalder Mine & Ralston Buttes Uranium Complex	Jefferson	MISSING_CONTENT_UPDATED_AT,MISSING_OR_BAD_COORDINATES,PLACEHOLDER_CONTRACT_INCOMPLETE	HIGH
CO-LA-PLATA-COLORADO-UTE-POWER-PLANT	Colorado Ute Power Plant / Durango Light & Power Building	La Plata	MISSING_CONTENT_UPDATED_AT,PLACEHOLDER_CONTRACT_INCOMPLETE	HIGH
CO-LAKE-BLACK-CLOUD	Black Cloud Mine / Leadville Unit / Irene Shaft	Lake	MEDIA_PACKAGED_STATUS_MISSING,MEDIA_RIGHTS_MISSING,MEDIA_SOURCE_PAGE_MISSING,MEDIA_STATUS_INCOMPLETE,MISSING_CONTENT_UPDATED_AT,MISSING_OR_BAD_COORDINATES	HIGH
champion	Champion Mill	Lake	LEGACY_OR_INVALID_SITE_ID,MISSING_CONTENT_UPDATED_AT,PLACEHOLDER_CONTRACT_INCOMPLETE	HIGH
chrysolite	Chrysolite Mine	Lake	LEGACY_OR_INVALID_SITE_ID,MISSING_CONTENT_UPDATED_AT,PLACEHOLDER_CONTRACT_INCOMPLETE	HIGH
CO-LAKE-CLIMAX-MOLY	Climax Molybdenum Mine / Climax Mine	Lake	MISSING_CONTENT_UPDATED_AT,MISSING_OR_BAD_COORDINATES,PLACEHOLDER_CONTRACT_INCOMPLETE	HIGH
hagerman	Hagerman Trestle	Lake	LEGACY_OR_INVALID_SITE_ID,MISSING_CONTENT_UPDATED_AT,MISSING_OR_BAD_COORDINATES,PLACEHOLDER_CONTRACT_INCOMPLETE	HIGH
little-jonny	Ibex / Little Jonny Mine	Lake	LEGACY_OR_INVALID_SITE_ID,MISSING_CONTENT_UPDATED_AT,MISSING_OR_BAD_COORDINATES,PLACEHOLDER_CONTRACT_INCOMPLETE	HIGH
CO-LAKE-LEADVILLE-DRAINAGE-TUNNEL	Leadville Mine Drainage Tunnel / LMDT	Lake	MISSING_CONTENT_UPDATED_AT,PLACEHOLDER_CONTRACT_INCOMPLETE	HIGH
maid-of-erin	Maid of Erin Mine	Lake	LEGACY_OR_INVALID_SITE_ID,MISSING_CONTENT_UPDATED_AT,MISSING_OR_BAD_COORDINATES,PLACEHOLDER_CONTRACT_INCOMPLETE	HIGH
matchless	Matchless Mine	Lake	LEGACY_OR_INVALID_SITE_ID,MISSING_CONTENT_UPDATED_AT,MISSING_OR_BAD_COORDINATES,PLACEHOLDER_CONTRACT_INCOMPLETE	HIGH
morning-star	Morning Star Mine	Lake	LEGACY_OR_INVALID_SITE_ID,MISSING_CONTENT_UPDATED_AT,MISSING_OVERVIEW,PLACEHOLDER_CONTRACT_INCOMPLETE	HIGH
new-monarch	New Monarch Mine	Lake	LEGACY_OR_INVALID_SITE_ID,MISSING_CONTENT_UPDATED_AT,MISSING_OVERVIEW,PLACEHOLDER_CONTRACT_INCOMPLETE	HIGH
oro-city	Oro City & California Gulch Placer Diggings	Lake	LEGACY_OR_INVALID_SITE_ID,MEDIA_PACKAGED_STATUS_MISSING,MEDIA_RIGHTS_MISSING,MEDIA_SOURCE_PAGE_MISSING,MEDIA_STATUS_INCOMPLETE,MISSING_CONTENT_UPDATED_AT,MISSING_OR_BAD_COORDINATES	HIGH
printer-boy	Printer Boy Mine	Lake	LEGACY_OR_INVALID_SITE_ID,MISSING_CONTENT_UPDATED_AT,MISSING_OVERVIEW,PLACEHOLDER_CONTRACT_INCOMPLETE	HIGH
CO-LAKE-STUMPTOWN	Stumptown Mining Camp	Lake	MISSING_CONTENT_UPDATED_AT,MISSING_OR_BAD_COORDINATES,PLACEHOLDER_CONTRACT_INCOMPLETE	HIGH
CO-LAKE-TUCSON	Tucson Mine Ruins	Lake	MISSING_CONTENT_UPDATED_AT,MISSING_OR_BAD_COORDINATES,PLACEHOLDER_CONTRACT_INCOMPLETE	HIGH
CO-LAKE-TWIN-LAKES-DISTRICT	Twin Lakes Historic District / Historic Twin Lakes Village	Lake	MISSING_CONTENT_UPDATED_AT,PLACEHOLDER_CONTRACT_INCOMPLETE	HIGH
wolftone	Wolftone Mine	Lake	LEGACY_OR_INVALID_SITE_ID,MISSING_CONTENT_UPDATED_AT,MISSING_OR_BAD_COORDINATES,PLACEHOLDER_CONTRACT_INCOMPLETE	HIGH
yak-tunnel	Yak Tunnel / California Gulch Yak Tunnel	Lake	LEGACY_OR_INVALID_SITE_ID,MISSING_CONTENT_UPDATED_AT,MISSING_OVERVIEW,PLACEHOLDER_CONTRACT_INCOMPLETE	HIGH
CO-LARIMER-GREAT-WESTERN-EFFLUENT-FLUME	Great Western Sugar Effluent Flume & Bridge	Larimer	MISSING_CONTENT_UPDATED_AT,PLACEHOLDER_CONTRACT_INCOMPLETE	HIGH
CO-LAS-ANIMAS-COKEDALE-COKE-OVENS	Cokedale Mine & Coke Ovens Historic District	Las Animas	MISSING_CONTENT_UPDATED_AT,PLACEHOLDER_CONTRACT_INCOMPLETE	HIGH
CO-LINCOLN-HUGO-UP-ROUNDHOUSE	Hugo Union Pacific Railroad Roundhouse	Lincoln	MISSING_CONTENT_UPDATED_AT,PLACEHOLDER_CONTRACT_INCOMPLETE	HIGH
CO-LOGAN-STERLING-UP-RAILROAD-DEPOT	Sterling Union Pacific Railroad Depot	Logan	MISSING_CONTENT_UPDATED_AT,PLACEHOLDER_CONTRACT_INCOMPLETE	HIGH
CO-MESA-CALAMITY-CAMP	Calamity Camp Uranium-Mining Structures	Mesa	MISSING_CONTENT_UPDATED_AT,PLACEHOLDER_CONTRACT_INCOMPLETE	HIGH
CO-MINERAL-BACHELOR-CITY-TOWNSITE	Bachelor City / Teller Ghost Townsite	Mineral	MISSING_CONTENT_UPDATED_AT,MISSING_OR_BAD_COORDINATES,PLACEHOLDER_CONTRACT_INCOMPLETE	HIGH
CO-MINERAL-BACHELOR-COMMODORE-COMPLEX	Bachelor–Commodore Mine Complex	Mineral	MISSING_CONTENT_UPDATED_AT,MISSING_OR_BAD_COORDINATES,PLACEHOLDER_CONTRACT_INCOMPLETE	HIGH
CO-MINERAL-BULLDOG-MINE-COMPLEX	Bulldog Mine & Mill / Homestake Bulldog Mountain Complex	Mineral	MISSING_CONTENT_UPDATED_AT,MISSING_OR_BAD_COORDINATES,PLACEHOLDER_CONTRACT_INCOMPLETE	HIGH
CO-MINERAL-CREEDE-DRG-DEPOT-TERMINAL	Creede Denver & Rio Grande Depot & Terminal Railroad Site	Mineral	MISSING_CONTENT_UPDATED_AT,MISSING_OR_BAD_COORDINATES,PLACEHOLDER_CONTRACT_INCOMPLETE	HIGH
CO-MINERAL-LAST-CHANCE-MINE	Last Chance Mine	Mineral	MISSING_CONTENT_UPDATED_AT,MISSING_OR_BAD_COORDINATES,PLACEHOLDER_CONTRACT_INCOMPLETE	HIGH
CO-MINERAL-WAGON-WHEEL-GAP-FLUORSPAR	Wagon Wheel Gap Fluorspar Mine & Mill	Mineral	MISSING_CONTENT_UPDATED_AT,MISSING_OR_BAD_COORDINATES,PLACEHOLDER_CONTRACT_INCOMPLETE	HIGH
CO-MINERAL-WAGON-WHEEL-GAP-RAILROAD-STATION	Wagon Wheel Gap Railroad Station / D&RG Depot	Mineral	MISSING_CONTENT_UPDATED_AT,MISSING_OR_BAD_COORDINATES,PLACEHOLDER_CONTRACT_INCOMPLETE	HIGH
CO-MOFFAT-BROMIDE-CHARCOAL-KILNS	Bromide Charcoal Kilns & Smelter Site	Moffat	MISSING_CONTENT_UPDATED_AT,PLACEHOLDER_CONTRACT_INCOMPLETE	HIGH
CO-MONTROSE-CIMARRON-RAIL-EXHIBIT	Cimarron Pratt Truss Bridge & Rail Exhibit	Montrose	MISSING_CONTENT_UPDATED_AT,PLACEHOLDER_CONTRACT_INCOMPLETE	HIGH
CO-MORGAN-FORT-MORGAN-POWER-PLANT	Fort Morgan Power Plant Building	Morgan	MISSING_CONTENT_UPDATED_AT,PLACEHOLDER_CONTRACT_INCOMPLETE	HIGH
CO-OTERO-MANZANOLA-SANTA-FE-DEPOT	Santa Fe Railway Manzanola Depot	Otero	MISSING_CONTENT_UPDATED_AT,PLACEHOLDER_CONTRACT_INCOMPLETE	HIGH
CO-OURAY-AMERICAN-NETTIE	American Nettie Mine / American-Nettie Group	Ouray	MISSING_CONTENT_UPDATED_AT,MISSING_OR_BAD_COORDINATES,PLACEHOLDER_CONTRACT_INCOMPLETE	HIGH
CO-OURAY-ATLAS-MINE-MILL	Atlas Mine & Mill Complex	Ouray	MEDIA_PACKAGED_STATUS_MISSING,MEDIA_RIGHTS_MISSING,MEDIA_SOURCE_PAGE_MISSING,MEDIA_STATUS_INCOMPLETE,MISSING_CONTENT_UPDATED_AT,MISSING_OR_BAD_COORDINATES	HIGH
CO-OURAY-BACHELOR-SYRACUSE	Bachelor–Syracuse Mine Tour	Ouray	MISSING_CONTENT_UPDATED_AT,MISSING_OR_BAD_COORDINATES,PLACEHOLDER_CONTRACT_INCOMPLETE	HIGH
CO-OURAY-CALLIOPE	Calliope Mine	Ouray	MISSING_CONTENT_UPDATED_AT,MISSING_OR_BAD_COORDINATES,PLACEHOLDER_CONTRACT_INCOMPLETE	HIGH
CO-OURAY-CAMP-BIRD	Camp Bird Mine & Mill	Ouray	MISSING_CONTENT_UPDATED_AT,MISSING_OR_BAD_COORDINATES,PLACEHOLDER_CONTRACT_INCOMPLETE	HIGH
CO-OURAY-DUNMORE	Dunmore Mine / Dunmore Lode	Ouray	MISSING_CONTENT_UPDATED_AT,MISSING_OR_BAD_COORDINATES,PLACEHOLDER_CONTRACT_INCOMPLETE	HIGH
CO-OURAY-FORT-PEABODY	Fort Peabody / Imogene Pass Guardhouse	Ouray	MISSING_CONTENT_UPDATED_AT,MISSING_OR_BAD_COORDINATES,PLACEHOLDER_CONTRACT_INCOMPLETE	HIGH
CO-OURAY-GENESEE-VANDERBILT	Genesee–Vanderbilt Mine	Ouray	MISSING_CONTENT_UPDATED_AT,MISSING_OR_BAD_COORDINATES,PLACEHOLDER_CONTRACT_INCOMPLETE	HIGH
CO-OURAY-GOVERNOR-BASIN	Governor's Basin Mining District / Governor Basin Mining Complex	Ouray	MISSING_CONTENT_UPDATED_AT,MISSING_OR_BAD_COORDINATES,PLACEHOLDER_CONTRACT_INCOMPLETE	HIGH
CO-OURAY-GRIZZLY-BEAR	Grizzly Bear Mine	Ouray	MISSING_CONTENT_UPDATED_AT,MISSING_OR_BAD_COORDINATES,PLACEHOLDER_CONTRACT_INCOMPLETE	HIGH
CO-OURAY-GUSTON	Guston Mining Camp / Townsite	Ouray	MISSING_CONTENT_UPDATED_AT,MISSING_OR_BAD_COORDINATES,PLACEHOLDER_CONTRACT_INCOMPLETE	HIGH
CO-OURAY-GUSTON-ROBINSON	Guston–Robinson Mine Complex	Ouray	MISSING_CONTENT_UPDATED_AT,MISSING_OR_BAD_COORDINATES,PLACEHOLDER_CONTRACT_INCOMPLETE	HIGH
CO-OURAY-IDARADO	Idarado Mine / Treasury Tunnel–Pandora Complex	Ouray	MISSING_CONTENT_UPDATED_AT,MISSING_OR_BAD_COORDINATES,PLACEHOLDER_CONTRACT_INCOMPLETE	HIGH
CO-OURAY-IRONTON	Ironton Mining Town	Ouray	MEDIA_PACKAGED_STATUS_MISSING,MEDIA_RIGHTS_MISSING,MEDIA_SOURCE_PAGE_MISSING,MEDIA_STATUS_INCOMPLETE,MISSING_CONTENT_UPDATED_AT,MISSING_OR_BAD_COORDINATES	HIGH
CO-OURAY-MINERAL-FARM	Mineral Farm Mine & Mill Complex	Ouray	MISSING_CONTENT_UPDATED_AT,MISSING_OR_BAD_COORDINATES,PLACEHOLDER_CONTRACT_INCOMPLETE	HIGH
CO-OURAY-MOUNTAIN-TOP	Mountain Top Mine / Mountain Top-Terrible No. 3 Complex	Ouray	MISSING_CONTENT_UPDATED_AT,MISSING_OR_BAD_COORDINATES,PLACEHOLDER_CONTRACT_INCOMPLETE	HIGH
CO-OURAY-NATIONAL-BELLE	National Belle Mine / National Bell Mine	Ouray	MISSING_CONTENT_UPDATED_AT,MISSING_OR_BAD_COORDINATES,PLACEHOLDER_CONTRACT_INCOMPLETE	HIGH
CO-OURAY-OURAY-DRGW-RAIL	Ouray D&RG / D&RGW Railroad Depot & Ore-Loading Complex	Ouray	MISSING_CONTENT_UPDATED_AT,MISSING_OR_BAD_COORDINATES,PLACEHOLDER_CONTRACT_INCOMPLETE	HIGH
CO-OURAY-HISTORIC-CORE	Ouray Historic Mining Core	Ouray	MISSING_CONTENT_UPDATED_AT,MISSING_OR_BAD_COORDINATES,PLACEHOLDER_CONTRACT_INCOMPLETE	HIGH
CO-OURAY-RED-MOUNTAIN-TOLL-ROAD	Ouray–Red Mountain Toll Road / Otto Mears Toll Road	Ouray	MISSING_CONTENT_UPDATED_AT,MISSING_OR_BAD_COORDINATES,PLACEHOLDER_CONTRACT_INCOMPLETE	HIGH
CO-OURAY-PAQUIN-DISTRICT	Paquin Mining District / Carbonate Hill Mining Complex	Ouray	MISSING_CONTENT_UPDATED_AT,MISSING_OR_BAD_COORDINATES,PLACEHOLDER_CONTRACT_INCOMPLETE	HIGH
CO-OURAY-RED-MOUNTAIN-DISTRICT	Red Mountain Mining District	Ouray	MISSING_CONTENT_UPDATED_AT,MISSING_OR_BAD_COORDINATES,PLACEHOLDER_CONTRACT_INCOMPLETE	HIGH
CO-OURAY-RED-MOUNTAIN	Red Mountain Town	Ouray	MISSING_CONTENT_UPDATED_AT,MISSING_OR_BAD_COORDINATES,PLACEHOLDER_CONTRACT_INCOMPLETE	HIGH
CO-OURAY-REVENUE-VIRGINIUS	Revenue–Virginius Mine & Mill Complex	Ouray	MISSING_CONTENT_UPDATED_AT,MISSING_OR_BAD_COORDINATES,PLACEHOLDER_CONTRACT_INCOMPLETE	HIGH
CO-OURAY-RIDGWAY-RGS-COMPLEX	Ridgway Rio Grande Southern Railroad Yard & Depot Complex	Ouray	MISSING_CONTENT_UPDATED_AT,MISSING_OR_BAD_COORDINATES,PLACEHOLDER_CONTRACT_INCOMPLETE	HIGH
CO-OURAY-SENORITA	Señorita Mine / Senorita Mine	Ouray	MISSING_CONTENT_UPDATED_AT,MISSING_OR_BAD_COORDINATES,PLACEHOLDER_CONTRACT_INCOMPLETE	HIGH
CO-OURAY-SNEFFELS-TOWNSITE	Sneffels / Mount Sneffels Mining Townsite	Ouray	INTERNAL_PIPELINE_LANGUAGE,MISSING_CONTENT_UPDATED_AT,MISSING_OR_BAD_COORDINATES,PLACEHOLDER_CONTRACT_INCOMPLETE	HIGH
CO-OURAY-WANAKAH	Wanakah Mine / Bright Diamond–Wanakah Mine	Ouray	MISSING_CONTENT_UPDATED_AT,MISSING_OR_BAD_COORDINATES,PLACEHOLDER_CONTRACT_INCOMPLETE	HIGH
CO-OURAY-YANKEE-GIRL	Yankee Girl Mine	Ouray	MISSING_CONTENT_UPDATED_AT,MISSING_OR_BAD_COORDINATES,PLACEHOLDER_CONTRACT_INCOMPLETE	HIGH
CO-PARK-JEFFERSON-DSPP-DEPOT	Jefferson DSP&P Railroad Depot & Station Site	Park	MISSING_CONTENT_UPDATED_AT,PLACEHOLDER_CONTRACT_INCOMPLETE	HIGH
CO-Pitkin-REDSTONE-COKE-OVENS	Redstone Coke Oven Historic District	Pitkin	LEGACY_OR_INVALID_SITE_ID,MISSING_CONTENT_UPDATED_AT,PLACEHOLDER_CONTRACT_INCOMPLETE	HIGH
CO-PROWERS-HOLLY-SANTA-FE-DEPOT	Holly Santa Fe Depot (Town Hall)	Prowers	MISSING_CONTENT_UPDATED_AT,PLACEHOLDER_CONTRACT_INCOMPLETE	HIGH
CO-RIO-GRANDE-CREEDE-BRANCH-SOUTH-FORK	Creede Branch D&RGW Railroad & South Fork Service Complex	Rio Grande	MISSING_CONTENT_UPDATED_AT,MISSING_OR_BAD_COORDINATES,PLACEHOLDER_CONTRACT_INCOMPLETE	HIGH
CO-RIO-GRANDE-JASPER-CORNWALL-CAMP	Jasper / Cornwall Mining Camp & Mine Landscape	Rio Grande	MISSING_CONTENT_UPDATED_AT,MISSING_OR_BAD_COORDINATES,PLACEHOLDER_CONTRACT_INCOMPLETE	HIGH
CO-RIO-GRANDE-SUMMITVILLE-COMPLEX	Summitville Mine, Mill & Ghost Town Complex	Rio Grande	MISSING_CONTENT_UPDATED_AT,MISSING_OR_BAD_COORDINATES,PLACEHOLDER_CONTRACT_INCOMPLETE	HIGH
CO-ROUTT-HAYDEN-DEPOT	Hayden Denver & Salt Lake Railroad Depot	Routt	MISSING_CONTENT_UPDATED_AT,PLACEHOLDER_CONTRACT_INCOMPLETE	HIGH
CO-SAGUACHE-BONANZA-DISTRICT	Bonanza / Bonanza City Mining District & Townsite	Saguache	MISSING_CONTENT_UPDATED_AT,MISSING_OR_BAD_COORDINATES,PLACEHOLDER_CONTRACT_INCOMPLETE	HIGH
CO-SAGUACHE-MARSHALL-PASS-RR	Marshall Pass D&RG / D&RGW Railroad & Toll Road Summit Complex	Saguache	MISSING_CONTENT_UPDATED_AT,MISSING_OR_BAD_COORDINATES,PLACEHOLDER_CONTRACT_INCOMPLETE	HIGH
CO-SAGUACHE-ORIENT-IRON-MINE	Orient Iron Mine & Orient Company Town Complex	Saguache	MISSING_CONTENT_UPDATED_AT,MISSING_OR_BAD_COORDINATES,PLACEHOLDER_CONTRACT_INCOMPLETE	HIGH
CO-SAGUACHE-SAGUACHE-FLOUR-MILL	Saguache Flour Mill	Saguache	MISSING_CONTENT_UPDATED_AT,MISSING_OR_BAD_COORDINATES,PLACEHOLDER_CONTRACT_INCOMPLETE	HIGH
CO-SAGUACHE-SARGENTS-RR-COMPLEX	Sargents D&RG / D&RGW Railroad Station & Water Tank Complex	Saguache	MISSING_CONTENT_UPDATED_AT,MISSING_OR_BAD_COORDINATES,PLACEHOLDER_CONTRACT_INCOMPLETE	HIGH
CO-SAN-JUAN-ANIMAS-FORKS	Animas Forks Ghost Town	San Juan	MISSING_CONTENT_UPDATED_AT,MISSING_OR_BAD_COORDINATES,PLACEHOLDER_CONTRACT_INCOMPLETE	HIGH
CO-SAN-JUAN-ARRASTRA	Arrastra Gulch Mining Corridor	San Juan	MISSING_CONTENT_UPDATED_AT,MISSING_OR_BAD_COORDINATES,PLACEHOLDER_CONTRACT_INCOMPLETE	HIGH
CO-SAN-JUAN-BIG-GIANT-CONTENTION	Big Giant Mine, Mill & Contention Tramway Complex	San Juan	MISSING_CONTENT_UPDATED_AT,MISSING_OR_BAD_COORDINATES,PLACEHOLDER_CONTRACT_INCOMPLETE	HIGH
CO-SAN-JUAN-BROOKLYN	Brooklyn Mine Complex	San Juan	MISSING_CONTENT_UPDATED_AT,MISSING_OR_BAD_COORDINATES,PLACEHOLDER_CONTRACT_INCOMPLETE	HIGH
CO-SAN-JUAN-BUFFALO-BOY-VERTEX	Buffalo Boy–Vertex Mine, Mill & Aerial Tramway Complex	San Juan	MISSING_CONTENT_UPDATED_AT,MISSING_OR_BAD_COORDINATES,PLACEHOLDER_CONTRACT_INCOMPLETE	HIGH
CO-SAN-JUAN-DSNG	Durango–Silverton Mining Railroad Corridor	San Juan	MISSING_CONTENT_UPDATED_AT,MISSING_OR_BAD_COORDINATES,PLACEHOLDER_CONTRACT_INCOMPLETE	HIGH
CO-SAN-JUAN-EUREKA	Eureka Mining Town	San Juan	MISSING_CONTENT_UPDATED_AT,MISSING_OR_BAD_COORDINATES,PLACEHOLDER_CONTRACT_INCOMPLETE	HIGH
CO-SAN-JUAN-FRISCO-BAGLEY	Frisco-Bagley Mill & Tunnel	San Juan	MISSING_CONTENT_UPDATED_AT,MISSING_OR_BAD_COORDINATES,PLACEHOLDER_CONTRACT_INCOMPLETE	HIGH
CO-SAN-JUAN-GLADSTONE	Gladstone / Gold King Mining Camp	San Juan	MISSING_CONTENT_UPDATED_AT,MISSING_OR_BAD_COORDINATES,PLACEHOLDER_CONTRACT_INCOMPLETE	HIGH
CO-SAN-JUAN-HIGHLAND-MARY	Highland Mary Mining Camp & Mine/Mill Complex	San Juan	INTERNAL_PIPELINE_LANGUAGE,MISSING_CONTENT_UPDATED_AT,MISSING_OR_BAD_COORDINATES,PLACEHOLDER_CONTRACT_INCOMPLETE	HIGH
CO-SAN-JUAN-HOWARDSVILLE	Howardsville Mining Camp / Townsite	San Juan	MISSING_CONTENT_UPDATED_AT,MISSING_OR_BAD_COORDINATES,PLACEHOLDER_CONTRACT_INCOMPLETE	HIGH
CO-SAN-JUAN-LACKAWANNA	Lackawanna Mine & Mill Complex	San Juan	MISSING_CONTENT_UPDATED_AT,MISSING_OR_BAD_COORDINATES,PLACEHOLDER_CONTRACT_INCOMPLETE	HIGH
CO-SAN-JUAN-MAGGIE-HAMLET-INTERSECTION	Maggie Gulch / Middleton–Hamlet–Intersection Mining Landscape	San Juan	MISSING_CONTENT_UPDATED_AT,MISSING_OR_BAD_COORDINATES,PLACEHOLDER_CONTRACT_INCOMPLETE	HIGH
CO-SAN-JUAN-MARTIN	Martin Mining Complex	San Juan	MISSING_CONTENT_UPDATED_AT,MISSING_OR_BAD_COORDINATES,PLACEHOLDER_CONTRACT_INCOMPLETE	HIGH
CO-SAN-JUAN-MAYFLOWER	Mayflower / Shenandoah-Dives Mill	San Juan	MISSING_CONTENT_UPDATED_AT,MISSING_OR_BAD_COORDINATES,PLACEHOLDER_CONTRACT_INCOMPLETE	HIGH
CO-SAN-JUAN-MOGUL-GRAND-MOGUL	Mogul–Grand Mogul Mine Complex	San Juan	MISSING_CONTENT_UPDATED_AT,MISSING_OR_BAD_COORDINATES,PLACEHOLDER_CONTRACT_INCOMPLETE	HIGH
CO-SAN-JUAN-NORTH-STAR-SULTAN	North Star Mine & Mill / Sultan Mountain Complex	San Juan	MISSING_CONTENT_UPDATED_AT,MISSING_OR_BAD_COORDINATES,PLACEHOLDER_CONTRACT_INCOMPLETE	HIGH
CO-SAN-JUAN-PRIDE-WEST-GREEN-MTN	Pride of the West & Green Mountain Mines Complex	San Juan	MISSING_CONTENT_UPDATED_AT,MISSING_OR_BAD_COORDINATES,PLACEHOLDER_CONTRACT_INCOMPLETE	HIGH
CO-SAN-JUAN-SILVER-LAKE	Silver Lake Mine & Mill	San Juan	MISSING_CONTENT_UPDATED_AT,MISSING_OR_BAD_COORDINATES,PLACEHOLDER_CONTRACT_INCOMPLETE	HIGH
CO-SAN-JUAN-SILVERTON	Silverton Historic Mining District	San Juan	MISSING_CONTENT_UPDATED_AT,MISSING_OR_BAD_COORDINATES,PLACEHOLDER_CONTRACT_INCOMPLETE	HIGH
CO-SAN-JUAN-SILVERTON-NORTHERN	Silverton Northern Railroad / Animas Forks Line	San Juan	MISSING_CONTENT_UPDATED_AT,MISSING_OR_BAD_COORDINATES,PLACEHOLDER_CONTRACT_INCOMPLETE	HIGH
CO-SAN-JUAN-SOUND-DEMOCRAT	Sound Democrat Mill & Mine	San Juan	MISSING_CONTENT_UPDATED_AT,MISSING_OR_BAD_COORDINATES,PLACEHOLDER_CONTRACT_INCOMPLETE	HIGH
CO-SAN-JUAN-SUNNYSIDE-AMERICAN	Sunnyside Mine & American Tunnel Complex	San Juan	MISSING_CONTENT_UPDATED_AT,MISSING_OR_BAD_COORDINATES,PLACEHOLDER_CONTRACT_INCOMPLETE	HIGH
CO-SAN-JUAN-TOBASCO	Tobasco Mine & Mill	San Juan	MISSING_CONTENT_UPDATED_AT,MISSING_OR_BAD_COORDINATES,PLACEHOLDER_CONTRACT_INCOMPLETE	HIGH
CO-SAN-MIGUEL-ALTA	Alta Ghost Town & Mining District	San Miguel	MISSING_CONTENT_UPDATED_AT,MISSING_OR_BAD_COORDINATES,PLACEHOLDER_CONTRACT_INCOMPLETE	HIGH
CO-SAN-MIGUEL-BRIDAL-VEIL	Bridal Veil / Smuggler-Union Powerhouse	San Miguel	MISSING_CONTENT_UPDATED_AT,MISSING_OR_BAD_COORDINATES,PLACEHOLDER_CONTRACT_INCOMPLETE	HIGH
CO-SAN-MIGUEL-LEWIS-MILL	Lewis Mill	San Miguel	MISSING_CONTENT_UPDATED_AT,MISSING_OR_BAD_COORDINATES,PLACEHOLDER_CONTRACT_INCOMPLETE	HIGH
CO-SAN-MIGUEL-LIBERTY-BELL	Liberty Bell Mine & Upper Camp	San Miguel	MISSING_CONTENT_UPDATED_AT,MISSING_OR_BAD_COORDINATES,PLACEHOLDER_CONTRACT_INCOMPLETE	HIGH
CO-SAN-MIGUEL-MATTERHORN	Matterhorn / Valley View Mill	San Miguel	MISSING_CONTENT_UPDATED_AT,MISSING_OR_BAD_COORDINATES,PLACEHOLDER_CONTRACT_INCOMPLETE	HIGH
CO-SAN-MIGUEL-OPHIR-LOOP	Ophir Loop / Rio Grande Southern Railroad Loop Complex	San Miguel	MISSING_CONTENT_UPDATED_AT,MISSING_OR_BAD_COORDINATES,PLACEHOLDER_CONTRACT_INCOMPLETE	HIGH
CO-SAN-MIGUEL-OPHIR	Ophir Mining Town	San Miguel	MISSING_CONTENT_UPDATED_AT,MISSING_OR_BAD_COORDINATES,PLACEHOLDER_CONTRACT_INCOMPLETE	HIGH
CO-SAN-MIGUEL-TROUT-LAKE-WATER-TANK	Rio Grande Southern Trout Lake Water Tank	San Miguel	MISSING_CONTENT_UPDATED_AT,MISSING_OR_BAD_COORDINATES,PLACEHOLDER_CONTRACT_INCOMPLETE	HIGH
CO-SAN-MIGUEL-SMUGGLER	Smuggler-Union Mine Complex	San Miguel	MISSING_CONTENT_UPDATED_AT,MISSING_OR_BAD_COORDINATES,PLACEHOLDER_CONTRACT_INCOMPLETE	HIGH
CO-SAN-MIGUEL-TELLURIDE	Telluride Historic Mining District	San Miguel	MISSING_CONTENT_UPDATED_AT,MISSING_OR_BAD_COORDINATES,PLACEHOLDER_CONTRACT_INCOMPLETE	HIGH
CO-SAN-MIGUEL-TOMBOY	Tomboy Mine & Ghost Town	San Miguel	MISSING_CONTENT_UPDATED_AT,MISSING_OR_BAD_COORDINATES,PLACEHOLDER_CONTRACT_INCOMPLETE	HIGH
minnie	Minnie Mine	Summit	LEGACY_OR_INVALID_SITE_ID,MISSING_CONTENT_UPDATED_AT,MISSING_OVERVIEW,PLACEHOLDER_CONTRACT_INCOMPLETE	HIGH
montezuma-town	Montezuma Mining Town	Summit	LEGACY_OR_INVALID_SITE_ID,MEDIA_PACKAGED_STATUS_MISSING,MEDIA_RIGHTS_MISSING,MEDIA_SOURCE_PAGE_MISSING,MEDIA_STATUS_INCOMPLETE,MISSING_CONTENT_UPDATED_AT,MISSING_OR_BAD_COORDINATES	HIGH
pennsylvania	Pennsylvania Mine	Summit	LEGACY_OR_INVALID_SITE_ID,MISSING_CONTENT_UPDATED_AT,PLACEHOLDER_CONTRACT_INCOMPLETE	HIGH
quail	Quail Mine	Summit	LEGACY_OR_INVALID_SITE_ID,MISSING_CONTENT_UPDATED_AT,PLACEHOLDER_CONTRACT_INCOMPLETE	HIGH
reiling	Reiling Dredge	Summit	LEGACY_OR_INVALID_SITE_ID,MISSING_CONTENT_UPDATED_AT,MISSING_OVERVIEW,PLACEHOLDER_CONTRACT_INCOMPLETE	HIGH
royal-tiger	Royal Tiger Mine Group	Summit	LEGACY_OR_INVALID_SITE_ID,MISSING_CONTENT_UPDATED_AT,MISSING_OVERVIEW,PLACEHOLDER_CONTRACT_INCOMPLETE	HIGH
saints-john	Saints John Mine & Mill	Summit	LEGACY_OR_INVALID_SITE_ID,MISSING_CONTENT_UPDATED_AT,PLACEHOLDER_CONTRACT_INCOMPLETE	HIGH
sallie-barber	Sallie Barber Mine	Summit	LEGACY_OR_INVALID_SITE_ID,MISSING_CONTENT_UPDATED_AT,MISSING_OVERVIEW,PLACEHOLDER_CONTRACT_INCOMPLETE	HIGH
wellington	Wellington Mine	Summit	LEGACY_OR_INVALID_SITE_ID,MISSING_CONTENT_UPDATED_AT,MISSING_OR_BAD_COORDINATES,PLACEHOLDER_CONTRACT_INCOMPLETE	HIGH
wild-irishman	Wild Irishman Mine	Summit	LEGACY_OR_INVALID_SITE_ID,MISSING_CONTENT_UPDATED_AT,MISSING_OVERVIEW,PLACEHOLDER_CONTRACT_INCOMPLETE	HIGH
CO-TELLER-AJAX-MINE	Ajax Mine & Battle Mountain Surface Plant	Teller	MISSING_CONTENT_UPDATED_AT,MISSING_OR_BAD_COORDINATES,PLACEHOLDER_CONTRACT_INCOMPLETE	HIGH
CO-TELLER-ANCHORIA-LELAND	Anchoria–Leland Mine & Surface Plant	Teller	MISSING_CONTENT_UPDATED_AT,MISSING_OR_BAD_COORDINATES,PLACEHOLDER_CONTRACT_INCOMPLETE	HIGH
CO-TELLER-CRESSON	Cresson Underground Mine & Relocated Headframe / Open-Pit Landscape	Teller	MISSING_CONTENT_UPDATED_AT,MISSING_OR_BAD_COORDINATES,PLACEHOLDER_CONTRACT_INCOMPLETE	HIGH
CO-TELLER-EL-PASO-GOLD-KING	El Paso Gold King Mine, Poverty Gulch Discovery & Headframe Landscape	Teller	MISSING_CONTENT_UPDATED_AT,MISSING_OR_BAD_COORDINATES,PLACEHOLDER_CONTRACT_INCOMPLETE	HIGH
CO-TELLER-GOLD-COIN	Gold Coin Mine & Economic Mill Tunnel System	Teller	MISSING_CONTENT_UPDATED_AT,MISSING_OR_BAD_COORDINATES,PLACEHOLDER_CONTRACT_INCOMPLETE	HIGH
CO-TELLER-GOLDFIELD	Goldfield Mining Town	Teller	MISSING_CONTENT_UPDATED_AT,MISSING_OR_BAD_COORDINATES,PLACEHOLDER_CONTRACT_INCOMPLETE	HIGH
CO-TELLER-INDEPENDENCE	Independence Mine & Mill	Teller	MISSING_CONTENT_UPDATED_AT,MISSING_OR_BAD_COORDINATES,PLACEHOLDER_CONTRACT_INCOMPLETE	HIGH
CO-TELLER-MOLLIE-KATHLEEN	Mollie Kathleen Gold Mine Complex	Teller	MISSING_CONTENT_UPDATED_AT,MISSING_OR_BAD_COORDINATES,PLACEHOLDER_CONTRACT_INCOMPLETE	HIGH
CO-TELLER-PORTLAND-MINE	Portland Mine Nos. 1–2 & Battle Mountain Complex	Teller	MISSING_CONTENT_UPDATED_AT,MISSING_OR_BAD_COORDINATES,PLACEHOLDER_CONTRACT_INCOMPLETE	HIGH
CO-TELLER-STRONG-MINE	Strong Mine & Mill Surface Complex	Teller	MISSING_CONTENT_UPDATED_AT,MISSING_OR_BAD_COORDINATES,PLACEHOLDER_CONTRACT_INCOMPLETE	HIGH
CO-TELLER-VINDICATOR-VALLEY	Vindicator Valley Mine & Railroad Complex	Teller	MISSING_CONTENT_UPDATED_AT,MISSING_OR_BAD_COORDINATES,PLACEHOLDER_CONTRACT_INCOMPLETE	HIGH
CO-WELD-GREELEY-UP-DEPOT	Greeley Union Pacific Railroad Depot	Weld	MISSING_CONTENT_UPDATED_AT,PLACEHOLDER_CONTRACT_INCOMPLETE	HIGH
